race_id,race_name,course
rac_11152687,Tramore Medical Clinic Handicap Hurdle,Tramore (IRE)
rac_11152674,Ryans Cleaning Services Maiden Hurdle,Tramore (IRE)
rac_11152661,Jimmy Shanahan Memorial Handicap Hurdle,Tramore (IRE)
rac_11152648,David Flynn Construction Maiden Hurdle,Tramore (IRE)
rac_11152596,Fairyhouse Membership 2024 Handicap Hurdle,Fairyhouse (IRE)
rac_11152583,Tote+ Pays You More At Tote.ie Handicap Hurdle,Fairyhouse (IRE)
rac_11152570,ITM Irish Stallion Trail 12-13 January Maiden Hurdle,Fairyhouse (IRE)
rac_11152557,Wishing Everyone A Healthy 2024 Mares Hurdle,Fairyhouse (IRE)
rac_11155274,EASYFIX Handicap Hurdle,Cork (IRE)
rac_11155261,ITM Irish Stallion Trail 12-13 January Maiden Hurdle,Cork (IRE)
rac_11155248,Annual Membership Available Rated Novice Hurdle,Cork (IRE)
rac_11155235,Happy New Year From All At Cork Maiden Hurdle,Cork (IRE)
rac_11160916,Tipperary Handicap Hurdle,Clonmel (IRE)
rac_11160903,Lisronagh Handicap Hurdle,Clonmel (IRE)
rac_11160890,Munster Hurdle,Clonmel (IRE)
rac_11160877,Monroe Maiden Hurdle,Clonmel (IRE)
rac_11160864,Kilsheelan Mares Maiden Hurdle,Clonmel (IRE)
rac_11162619,Adare Manor Opportunity Handicap Hurdle,Naas (IRE)
rac_11162606,Matt Britton Irish EBF Maiden Hurdle,Naas (IRE)
rac_11162593,Lawlor's Of Naas Novice Hurdle,Naas (IRE)
rac_11162554,Naas Racecourse Handicap Hurdle,Naas (IRE)
rac_11163243,SBK Handicap Hurdle,Fairyhouse (IRE)
rac_11163230,SBK Mares Maiden Hurdle,Fairyhouse (IRE)
rac_11163217,Racing TV Club Day At Fairyhouse Hurdle,Fairyhouse (IRE)
rac_11163321,SkyBet Request A Bet Mares Handicap Hurdle,Punchestown (IRE)
rac_11163308,SkyBet Acca Freeze Maiden Hurdle,Punchestown (IRE)
rac_11163295,SkyBet Moscow Flyer Novice Hurdle,Punchestown (IRE)
rac_11164062,Join The Punchestown Members Club Handicap Hurdle,Punchestown (IRE)
rac_11164049,Download The Bet Victor App Maiden Hurdle,Punchestown (IRE)
rac_11164036,Book Your Festival Hospitality Novice Handicap Hurdle,Punchestown (IRE)
rac_11164023,Thank You To Rita Lyons Mares Maiden Hurdle,Punchestown (IRE)
rac_11164010,John Thomas McNamara Series (Q.R.) Handicap Hurdle,Punchestown (IRE)
rac_11163997,Bet Victor Proud To Support Irish Racing Maiden Hurdle,Punchestown (IRE)
rac_11167611,Ardmulchan Handicap Hurdle,Navan (IRE)
rac_11167598,Navan Handicap Hurdle (),Navan (IRE)
rac_11167585,QuinnBet Maiden Hurdle,Navan (IRE)
rac_11167572,Race Displays Rated Novice Hurdle,Navan (IRE)
rac_11167728,Horse & Jockey Handicap Hurdle,Thurles (IRE)
rac_11167715,W.T. O'Grady Memorial Irish EBF Novice Hurdle,Thurles (IRE)
rac_11167702,Connolly's RED MILLS Irish EBF Auction Maiden Hurdle (IRE Incentive Race),Thurles (IRE)
rac_11172993,Pravha Handicap Hurdle,Down Royal (IRE)
rac_11172980,Coors Mares Handicap Hurdle,Down Royal (IRE)
rac_11172967,Franciscan Well Rated Novice Hurdle,Down Royal (IRE)
rac_11172954,Molson Coors Beverage Company Maiden Hurdle,Down Royal (IRE)
rac_11173123,Jump Into January At Fairyhouse Handicap Hurdle,Fairyhouse (IRE)
rac_11173110,Fairyhouse Supporting Treo Eile Maiden Hurdle,Fairyhouse (IRE)
rac_11173097,"HAY ""How Are Ya"" Campaign Mares Maiden Hurdle",Fairyhouse (IRE)
rac_11173084,Easter Festival Early Bird Maiden Hurdle,Fairyhouse (IRE)
rac_11173071,Easter Festival March 30th - April 1st Novice Hurdle,Fairyhouse (IRE)
rac_11173188,Adare Manor Opportunity Handicap Hurdle,Gowran Park (IRE)
rac_11173162,John Mulhern Galmoy Hurdle,Gowran Park (IRE)
rac_11173149,Connolly's RED MILLS Irish EBF Ladies Auction Maiden Hurdle (IRE Incentive Race),Gowran Park (IRE)
rac_11173136,Langtons Kilkenny Handicap Hurdle,Gowran Park (IRE)
rac_11175866,Adare Manor Opportunity Handicap Hurdle,Fairyhouse (IRE)
rac_11175853,CJ Sheeran Group Supporting CCR Raceday Maiden Hurdle,Fairyhouse (IRE)
rac_11175840,SBK Maiden Hurdle,Fairyhouse (IRE)
rac_11175827,SBK Solerina Mares Novice Hurdle,Fairyhouse (IRE)
rac_11175957,Full Circle Series At Punchestown Festival 2024 Qualifier Handicap Hurdle,Naas (IRE)
rac_11175944,I.N.H. Stallion Owners EBF Maiden Hurdle,Naas (IRE)
rac_11175918,Naas Racecourse Business Club Limestone Lad Hurdle,Naas (IRE)
rac_11175905,Download The BetVictor App Maiden Hurdle,Naas (IRE)
rac_11177140,Punchestown Party @ Festival 2024 Handicap Hurdle,Punchestown (IRE)
rac_11177127,Book Your Festival Hospitality Now Handicap Hurdle,Punchestown (IRE)
rac_11177114,Punchestown Members Club From 215 Euros Rated Novice Hurdle,Punchestown (IRE)
rac_11177101,Group Ticket Deal At Festival 2024 (C & G) Maiden Hurdle,Punchestown (IRE)
rac_11177088,Download The BetVictor App Mares Maiden Hurdle,Punchestown (IRE)
rac_11177075,Buy Festival 2024 Tickets Today Handicap Hurdle,Punchestown (IRE)
rac_11177062,Get Best Odds Guaranteed At Bet Victor Maiden Hurdle,Punchestown (IRE)
rac_11178206,Limerick Novice Handicap Hurdle,Limerick (IRE)
rac_11177751,Follow Limerick Racecourse On Instagram Opportunity Handicap Hurdle,Limerick (IRE)
rac_11177738,Follow Limerick Racecourse On Twitter (C & G) Maiden Hurdle,Limerick (IRE)
rac_11177725,Limerick Racecourse Opportunity Mares Maiden Hurdle,Limerick (IRE)
rac_11177712,Become A Member @ Limerick Handicap Hurdle,Limerick (IRE)
rac_11177699,Limerick Racecourse Claiming Hurdle,Limerick (IRE)
rac_11174995,Race And Stay At Leopardstown Handicap Hurdle (),Leopardstown (IRE)
rac_11164686,McCann FitzGerald Spring Juvenile Hurdle,Leopardstown (IRE)
rac_11164673,Nathaniel Lacy & Partners Solicitors Novice Hurdle,Leopardstown (IRE)
rac_11175060,Timeless Sash Windows Handicap Hurdle (),Leopardstown (IRE)
rac_11175034,Irish Stallion Farms EBF Paddy Mullins Mares Handicap Hurdle (),Leopardstown (IRE)
rac_11164764,Chanelle Pharma Irish Champion Hurdle,Leopardstown (IRE)
rac_11164738,Tattersalls Ireland 50th Derby Sale Novice Hurdle,Leopardstown (IRE)
rac_11185668,SBK Maiden Hurdle,Punchestown (IRE)
rac_11185655,SBK Mares Handicap Hurdle,Punchestown (IRE)
rac_11185642,SBK Novice Handicap Hurdle,Punchestown (IRE)
rac_11185629,SBK At Punchestown Maiden Hurdle,Punchestown (IRE)
rac_11185616,SBK Maiden Hurdle,Punchestown (IRE)
rac_11186188,Bobbyjo Day February 24th Handicap Hurdle,Fairyhouse (IRE)
rac_11186175,Fairyhouse Schooling Races Mares Maiden Hurdle,Fairyhouse (IRE)
rac_11186162,Fairyhouse Punters Pack For Easter Maiden Hurdle,Fairyhouse (IRE)
rac_11186149,Book Your Advanced Tickets Now Rated Novice Hurdle,Fairyhouse (IRE)
rac_11188710,Adare Manor Opportunity Handicap Hurdle,Naas (IRE)
rac_11188697,Cavan Developments Supporting Kill GAA Maiden Hurdle,Naas (IRE)
rac_11188684,Connolly's RED MILLS Irish EBF Auction Novice Hurdle (IRE Incentive Race),Naas (IRE)
rac_11188671,A.M. Transport Supporting Kill GAA Rated Hurdle,Naas (IRE)
rac_11188801,Gibney's Handicap Hurdle,Navan (IRE)
rac_11188788,William Hill Boyne Hurdle,Navan (IRE)
rac_11188775,Apple's Jade Mares Novice Hurdle (),Navan (IRE)
rac_11188762,Navan Ford & Opel Maiden Hurdle,Navan (IRE)
rac_11191700,thurles.ie Maiden Hurdle (Div II),Thurles (IRE)
rac_11190348,Killinan Handicap Hurdle,Thurles (IRE)
rac_11190335,www.thurlesraces.ie Maiden Hurdle,Thurles (IRE)
rac_11190322,thurles.ie Maiden Hurdle (Div I),Thurles (IRE)
rac_11190231,Kilmolash (Q.R.) Handicap Hurdle,Clonmel (IRE)
rac_11190218,Minorstown Handicap Hurdle,Clonmel (IRE)
rac_11190205,Surehaul Mercedes-Benz Novice Hurdle,Clonmel (IRE)
rac_11190192,Derrygrath Maiden Hurdle,Clonmel (IRE)
rac_11190179,Surehaul Race Day Mares Maiden Hurdle,Clonmel (IRE)
rac_11193195,Full Circle Series At Punchestown Festival 2024 Qualifier Handicap Hurdle,Gowran Park (IRE)
rac_11193182,Red Mills Trial Hurdle,Gowran Park (IRE)
rac_11193169,Sea Moon & Jukebox Jury At Burgage Stud Maiden Hurdle,Gowran Park (IRE)
rac_11193312,David Trundley Artist At Punchestown Novice Handicap Hurdle,Punchestown (IRE)
rac_11193299,Old House Kill Maiden Hurdle,Punchestown (IRE)
rac_11193286,Madigan Group Irish EBF Sheila Bourke Novice Hurdle (),Punchestown (IRE)
rac_11198642,Sherry Fitzgerald Brady O'Flaherty Supporting Longford GAA Handicap Hurdle,Punchestown (IRE)
rac_11198629,Book Your Group Deal Today Handicap Hurdle,Punchestown (IRE)
rac_11198616,See You At Festival 2024 Mares Maiden Hurdle,Punchestown (IRE)
rac_11198603,Bet Victor Quevega Mares Hurdle,Punchestown (IRE)
rac_11198590,I.N.H. Stallion Owners EBF Maiden Hurdle,Punchestown (IRE)
rac_11198577,Best Odds Guaranteed At Bet Victor Maiden Hurdle,Punchestown (IRE)
rac_11198733,Connolly's RED MILLS Ladies Handicap Hurdle,Thurles (IRE)
rac_11198720,I.N.H. Stallion Owners EBF Maiden Hurdle,Thurles (IRE)
rac_11198707,BoyleSports Michael Purcell Memorial Novice Hurdle,Thurles (IRE)
rac_11201944,Fairyhouse Bumper Bundle For Easter Handicap Hurdle,Fairyhouse (IRE)
rac_11201931,Tommy Carberry Handicap Hurdle,Fairyhouse (IRE)
rac_11201918,Fairyhouse Easter Festival March 30th To April 1st Handicap Hurdle,Fairyhouse (IRE)
rac_11201905,Connolly's RED MILLS Irish EBF Auction Maiden Hurdle (IRE Incentive Race),Fairyhouse (IRE)
rac_11202061,Pertemps Network Group Handicap Hurdle (Qualifier),Naas (IRE)
rac_11202048,Get Best Odds Guaranteed At BetVictor Handicap Hurdle,Naas (IRE)
rac_11202009,Naas Racecourse Business Club Maiden Hurdle,Naas (IRE)
rac_11201996,Winning Fair Juvenile Hurdle,Naas (IRE)
rac_11206676,Navan Maiden Hurdle,Navan (IRE)
rac_11206663,BoyleSports Daily Extra Places Handicap Hurdle,Navan (IRE)
rac_11206650,BoyleSports Money Back 2nd To The Favourite Mares Maiden Hurdle,Navan (IRE)
rac_11206637,Meath Farm Machinery Maiden Hurdle,Navan (IRE)
rac_11206585,Anton O'Toole Handicap Hurdle,Leopardstown (IRE)
rac_11206572,QuinnBet Hurdle,Leopardstown (IRE)
rac_11206559,Adare Manor Opportunity Maiden Hurdle,Leopardstown (IRE)
rac_11206546,Connolly's RED MILLS Irish EBF Auction Novice Hurdle (IRE Incentive Race),Leopardstown (IRE)
rac_11212253,QuinnBet Handicap Hurdle,Leopardstown (IRE)
rac_11212240,QuinnBet Mares' Handicap Hurdle,Leopardstown (IRE)
rac_11212227,Leopardstown Driving Range Mares' Maiden Hurdle,Leopardstown (IRE)
rac_11212214,Colours Bar Maiden Hurdle,Leopardstown (IRE)
rac_11212656,Thurles Handicap Hurdle,Thurles (IRE)
rac_11212643,Holycross Maiden Hurdle,Thurles (IRE)
rac_11212630,Killinan Handicap Hurdle,Thurles (IRE)
rac_11212617,ThurlesRaces.ie Maiden Hurdle,Thurles (IRE)
rac_11215646,BoyleSports Money Back On Every Race At Cheltenham Handicap Hurdle,Gowran Park (IRE)
rac_11215633,Best Of Luck To The Irish At Cheltenham Mares Maiden Hurdle,Gowran Park (IRE)
rac_11215620,Golf Classics At Gowran Park Maiden Hurdle,Gowran Park (IRE)
rac_11217726,"Bar One Racing ""Price Boosts All 28 Favourites At Cheltenham"" Handicap Hurdle (Div II)",Naas (IRE)
rac_11215750,"Bar One Racing ""Mobile Betting At Cheltenham"" Handicap Hurdle",Naas (IRE)
rac_11215737,"Bar One Racing ""Price Boosts All 28 Favourites At Cheltenham"" Handicap Hurdle (Div I)",Naas (IRE)
rac_11215724,"Bar One Racing ""Guaranteed Overnight Prices"" Kingsfurze Novice Hurdle",Naas (IRE)
rac_11215711,"Bar One Racing ""Guaranteed Multiples All Shops"" Maiden Hurdle",Naas (IRE)
rac_11215529,Mother's Day At Limerick Racecourse Maiden Hurdle,Limerick (IRE)
rac_11215516,Follow Limerick Races On Instagram Handicap Hurdle,Limerick (IRE)
rac_11215503,Irish Stallion Farms EBF Shannon Spray Mares Novice Hurdle,Limerick (IRE)
rac_11215490,Panoramic Restaurant At Limerick Racecourse Hurdle,Limerick (IRE)
rac_11220833,Leugh Handicap Hurdle,Thurles (IRE)
rac_11220820,End Of The Season Hurdle,Thurles (IRE)
rac_11220807,Adare Manor Opportunity Maiden Hurdle,Thurles (IRE)
rac_11227515,Powered By Bluegrass Handicap Hurdle (Div II),Down Royal (IRE)
rac_11220885,Powered By Bluegrass Handicap Hurdle (Div I),Down Royal (IRE)
rac_11220872,Full Circle Series At Punchestown Festival 2024 Qualifier Novice Handicap Hurdle,Down Royal (IRE)
rac_11220859,Bluegrasshorsefeed.com Maiden Hurdle,Down Royal (IRE)
rac_11227359,Longines Fegentri World Championship (Q.R.) Handicap Hurdle,Cork (IRE)
rac_11227346,Social Packs For The Easter Festival Handicap Hurdle,Cork (IRE)
rac_11227333,Full Circle Series At Punchestown Festival 2024 Qualifier Handicap Hurdle,Cork (IRE)
rac_11227320,Racing Home For Easter Festival 30th March To 1st April Handicap Hurdle,Cork (IRE)
rac_11227307,Follow Us On Social Media Maiden Hurdle,Cork (IRE)
rac_11227294,Welcome To Student Raceday 2024 Maiden Hurdle,Cork (IRE)
rac_11230232,Irish Stallion Farms EBF Novice Hurdle,Navan (IRE)
rac_11230219,Wesco Electrical Maiden Hurdle,Navan (IRE)
rac_11230206,Navan Members Mares Handicap Hurdle,Navan (IRE)
rac_11230193,Mongey Communications Maiden Hurdle,Navan (IRE)
rac_11230323,I.N.H. Stallion Owners EBF Maiden Hurdle,Limerick (IRE)
rac_11230310,Adare Manor Opportunity Handicap Hurdle,Limerick (IRE)
rac_11230297,Follow Limerick Races On Twitter Mares Hurdle,Limerick (IRE)
rac_11230284,Limerick Racecourse Maiden Hurdle,Limerick (IRE)
rac_11234574,I.N.H. Stallion Owners EBF Novice Handicap Hurdle Series Final (),Fairyhouse (IRE)
rac_11234522,Tom Quinlan Electrical Maiden Hurdle,Fairyhouse (IRE)
rac_11229322,RYBO Handicap Hurdle (),Fairyhouse (IRE)
rac_11234743,Mallow Commercials CVRT Test Centre Handicap Hurdle,Cork (IRE)
rac_11234730,Bar One Racing Easter Handicap Hurdle (),Cork (IRE)
rac_11234691,O'Flynn Motors Mallow Mares' Maiden Hurdle,Cork (IRE)
rac_11234678,Bar One Racing Hurdle,Cork (IRE)
rac_11234665,Dermot Casey Tree Care Maiden Hurdle,Cork (IRE)
rac_11234639,Donohue Marquees Novice Hurdle,Fairyhouse (IRE)
rac_11234626,Paddy Kehoe Suspended Ceilings Novice Hurdle,Fairyhouse (IRE)
rac_11234613,Cawley Furniture Novice Handicap Hurdle,Fairyhouse (IRE)
rac_11234600,Ryan's Cleaning Maiden Hurdle,Fairyhouse (IRE)
rac_11217531,Irish Stallion Farms EBF Honeysuckle Mares' Novice Hurdle,Fairyhouse (IRE)
rac_11241217,Rathbarry & Glenview Studs Hurdle,Fairyhouse (IRE)
rac_11241204,Fairyhouse Steel Handicap Hurdle,Fairyhouse (IRE)
rac_11241191,O'Driscoll's Irish Whiskey Juvenile Hurdle,Fairyhouse (IRE)
rac_11241178,Farmhouse Foods Novice Handicap Hurdle,Fairyhouse (IRE)
rac_11241087,Leisure Domes Ltd Marquee Hire Handicap Hurdle,Cork (IRE)
rac_11241074,Hibernian Hotel Mallow Maiden Hurdle,Cork (IRE)
rac_11241542,Buy The Centenary Of Naas Racecourse Book By Turtle Bunbury Handicap Hurdle,Naas (IRE)
rac_11241529,Thanks To All Our Sponsors In The National Hunt Season Handicap Hurdle,Naas (IRE)
rac_11241516,Owners Insurance Included In AIRO Membership Handicap Hurdle,Naas (IRE)
rac_11241503,Treo Eile Rated Novice Hurdle,Naas (IRE)
rac_11241490,Irish Stallion Farms EBF Mares Maiden Hurdle,Naas (IRE)
rac_11241477,Book Your Summer Season BBQ Packages At Naas Racecourse Maiden Hurdle,Naas (IRE)
rac_11245767,Locke Burger Handicap Hurdle,Limerick (IRE)
rac_11245754,Ishka Handicap Hurdle,Limerick (IRE)
rac_11245741,Supermac's (C & G) Maiden Hurdle,Limerick (IRE)
rac_11245728,Camden Square Novice Handicap Hurdle,Limerick (IRE)
rac_11245715,D & J Glazing Handicap Hurdle,Limerick (IRE)
rac_11245702,Molly's Late Bar Fillies Maiden Hurdle,Limerick (IRE)
rac_11255660,Choose Fibrus Broadband Handicap Hurdle,Down Royal (IRE)
rac_11248536,Adare Manor Opportunity Handicap Hurdle,Down Royal (IRE)
rac_11248510,"Fibrus Says ""No"" To Price Hikes Novice Handicap Hurdle",Down Royal (IRE)
rac_11248484,Fibrus Fibrefast Broadband Mares Maiden Hurdle,Down Royal (IRE)
rac_11256180,Sean Graham Bookmakers Handicap Hurdle,Naas (IRE)
rac_11256167,Pat O'Hare Bookmakers Mares Handicap Hurdle,Naas (IRE)
rac_11256154,Franco Hughes Bookmakers Novice Handicap Hurdle,Naas (IRE)
rac_11256141,Colm White Bookmakers Maiden Hurdle,Naas (IRE)
rac_11256128,Daragh Fitzpatrick Bookmakers Handicap Hurdle,Naas (IRE)
rac_11256115,Mulvaney Bookmakers Maiden Hurdle,Naas (IRE)
rac_11256336,Cannonwood Handicap Hurdle,Clonmel (IRE)
rac_11256323,Fourmilewater Maiden Hurdle,Clonmel (IRE)
rac_11256310,Knocklofty Maiden Hurdle,Clonmel (IRE)
rac_11256297,Nire Valley Claiming Hurdle,Clonmel (IRE)
rac_11258195,Parade Ring Bar Handicap Hurdle,Limerick (IRE)
rac_11258182,Limerick Races On Instagram Maiden Hurdle,Limerick (IRE)
rac_11258169,Panoramic Restaurant At Limerick Racecourse Novice Handicap Hurdle,Limerick (IRE)
rac_11258156,OCS Recruitment Maiden Hurdle,Limerick (IRE)
rac_11258104,Lodge At Ashford Castle (Q.R.) Handicap Hurdle,Ballinrobe (IRE)
rac_11258091,Sherry Fitzgerald Mayo Handicap Hurdle,Ballinrobe (IRE)
rac_11258078,BoyleSports Mares' Handicap Hurdle,Ballinrobe (IRE)
rac_11258065,McGrath Limestone Works Handicap Hurdle,Ballinrobe (IRE)
rac_11258052,Tim Kelly (C & G) Maiden Hurdle,Ballinrobe (IRE)
rac_11258039,Bowers Bar & Restaurant Mares Maiden Hurdle,Ballinrobe (IRE)
rac_11259560,Ger Murphy Plant Hire Supporting Tramore Athletic Club Handicap Hurdle,Tramore (IRE)
rac_11259547,Adare Manor Opportunity Maiden Hurdle,Tramore (IRE)
rac_11259534,Irish Stallion Farms EBF Mares Maiden Hurdle,Tramore (IRE)
rac_11259521,Perennial Freight Supporting Tramore AFC Maiden Hurdle,Tramore (IRE)
rac_11260704,Anne Valley Walk Handicap Hurdle,Tramore (IRE)
rac_11260691,Copper Coast Handicap Hurdle,Tramore (IRE)
rac_11260678,Ladies Day August 17th Maiden Hurdle,Tramore (IRE)
rac_11261536,Follow Us On Social Media Novice Handicap Hurdle,Tipperary (IRE)
rac_11261523,Junction Handicap Hurdle,Tipperary (IRE)
rac_11261510,Welcome To Tipperary Maiden Hurdle,Tipperary (IRE)
rac_11261484,Pat And Eddie Smith Memorial Handicap Hurdle,Bellewstown (IRE)
rac_11261471,David McKeown A1 Generators Handicap Hurdle,Bellewstown (IRE)
rac_11261458,Connolly's RED MILLS Irish EBF Auction Maiden Hurdle (IRE Incentive Race),Bellewstown (IRE)
rac_11261445,Good Enuf To Eat Catering Mares Handicap Hurdle,Bellewstown (IRE)
rac_11261432,BoyleSports Handicap Hurdle,Bellewstown (IRE)
rac_11261419,Veterinary Clinic Ratoath Maiden Hurdle,Bellewstown (IRE)
rac_11261354,Treo Eile Handicap Hurdle,Wexford (IRE)
rac_11261341,Visit Wexford Rated Novice Hurdle,Wexford (IRE)
rac_11261328,Wexford Mares Maiden Hurdle,Wexford (IRE)
rac_11263239,Toals Bookmakers Handicap Hurdle,Downpatrick (IRE)
rac_11263226,Grant Bros Developments Handicap Hurdle,Downpatrick (IRE)
rac_11263213,Billie & Bertie FitzGerald Memorial Maiden Hurdle,Downpatrick (IRE)
rac_11263200,Redweld Stables Maiden Hurdle,Downpatrick (IRE)
rac_11272313,Killashee Hotel Handicap Hurdle (),Punchestown (IRE)
rac_11272300,Blood-Stock.com Full Circle Series Final Handicap Hurdle,Punchestown (IRE)
rac_11257883,KPMG Champion Novice Hurdle,Punchestown (IRE)
rac_11272456,Louis Fitzgerald Hotel Hurdle,Punchestown (IRE)
rac_11272443,Connolly's RED MILLS Irish EBF Auction Hurdle Series Final,Punchestown (IRE)
rac_11272430,Adare Manor Opportunity Series Final Handicap Hurdle,Punchestown (IRE)
rac_11257922,Channor Real Estate Group Novice Hurdle,Punchestown (IRE)
rac_11272404,Close Brothers Mares Novice Hurdle (),Punchestown (IRE)
rac_11272391,Conway Piling Handicap Hurdle (),Punchestown (IRE)
rac_11272339,Specialist Group Handicap Hurdle,Punchestown (IRE)
rac_11257974,Ladbrokes Champion Stayers Hurdle,Punchestown (IRE)
rac_11274341,Uniquely Novice Hurdle,Punchestown (IRE)
rac_11258000,Alanna Homes Champion Novice Hurdle,Punchestown (IRE)
rac_11257987,Boodles Champion Hurdle,Punchestown (IRE)
rac_11263473,SBK Gold Trophy Handicap Hurdle (),Punchestown (IRE)
rac_11258026,Ballymore Champion Four Year Old Hurdle,Punchestown (IRE)
rac_11258013,Coolmore N.H. Sires Bolshoi Ballet Irish EBF Mares Champion Hurdle,Punchestown (IRE)
rac_11276915,Pepsi Max Hurdle,Down Royal (IRE)
rac_11276902,Club Lemon Handicap Hurdle,Down Royal (IRE)
rac_11276889,Ballygowan Opportunity Maiden Hurdle,Down Royal (IRE)
rac_11279021,Burke's Clonbur Handicap Hurdle (Div II),Ballinrobe (IRE)
rac_11277630,Burke's Clonbur Handicap Hurdle (Div I),Ballinrobe (IRE)
rac_11277617,Supermac's Maiden Hurdle,Ballinrobe (IRE)
rac_11277604,West Tyre Opportunity Handicap Hurdle,Ballinrobe (IRE)
rac_11277591,Adare Manor Opportunity Maiden Hurdle,Ballinrobe (IRE)
rac_11279775,Hotel Minella Mares Maiden Hurdle (Div II),Tipperary (IRE)
rac_11277786,Ryans Cleaning Event Specialists Handicap Hurdle,Tipperary (IRE)
rac_11277773,Hotel Minella Mares Maiden Hurdle (Div I),Tipperary (IRE)
rac_11279541,ITBA Celebrating Northern Region Award Winners Mares' Handicap Hurdle,Downpatrick (IRE)
rac_11279528,Gerry Hannity Lifetime Badgeholder At Downpatrick Racecourse Memorial Maiden Hurdle,Downpatrick (IRE)
rac_11279515,Davidson McDonnell Handicap Hurdle,Downpatrick (IRE)
rac_11279502,Road Stud Installations Maiden Hurdle,Downpatrick (IRE)
rac_11280802,Fraser Rutherford Handicap Hurdle,Cork (IRE)
rac_11280789,Racing Again May 21st Maiden Hurdle,Cork (IRE)
rac_11280776,Follow Us On Twitter Handicap Hurdle,Cork (IRE)
rac_11280763,Irish Stallion Farms EBF Mares Maiden Hurdle,Cork (IRE)
rac_11280750,Buy Tickets Online At www.corkracecourse.ie Rated Novice Hurdle,Cork (IRE)
rac_11280737,PADDY MAC Maiden Hurdle,Cork (IRE)
rac_11280984,Lakes Of Killarney Handicap Hurdle,Killarney (IRE)
rac_11280971,Killarney Towers Hotel & Leisure Centre Mares Hurdle (),Killarney (IRE)
rac_11280958,Mongey Communications Maiden Hurdle,Killarney (IRE)
rac_11280945,Torc Travel Maiden Hurdle,Killarney (IRE)
rac_11287640,M.D. O'Shea & Sons Handicap Hurdle,Killarney (IRE)
rac_11287627,Shire Novice Hurdle,Killarney (IRE)
rac_11287614,Diarmuid Cronin Electrical Ltd. Maiden Hurdle,Killarney (IRE)
rac_11287601,Executive Helicopters Mares Maiden Hurdle,Killarney (IRE)
rac_11289915,Follow Us On Facebook Handicap Hurdle (Div II),Tipperary (IRE)
rac_11288290,Tipperary Races On Twitter Handicap Hurdle,Tipperary (IRE)
rac_11288277,Tipperary Maiden Hurdle,Tipperary (IRE)
rac_11288264,Follow Us On Facebook Handicap Hurdle (Div I),Tipperary (IRE)
rac_11288251,tipperaryraces.ie Mares Maiden Hurdle,Tipperary (IRE)
rac_11288238,Tipperary Town Maiden Hurdle,Tipperary (IRE)
rac_11290994,Download The New Tote App Handicap Hurdle (Div II),Clonmel (IRE)
rac_11288472,Botanica International Handicap Hurdle,Clonmel (IRE)
rac_11288459,Tote Guarantee Available On-Course & Tote.ie Mares Maiden Hurdle,Clonmel (IRE)
rac_11288446,Talbot Hotel Clonmel Handicap Hurdle,Clonmel (IRE)
rac_11288433,Download The New Tote App Handicap Hurdle (Div I),Clonmel (IRE)
rac_11288420,Aisling Kennedy Memorial (C & G) Maiden Hurdle,Clonmel (IRE)
rac_11288407,Clonmel Racecourse Supporters Club Claiming Hurdle,Clonmel (IRE)
rac_11292619,William Hill Epic Value Maiden Hurdle (Div II),Kilbeggan (IRE)
rac_11290279,Kilbeggan Handicap Hurdle,Kilbeggan (IRE)
rac_11290266,William Hill Epic Value Maiden Hurdle (Div I),Kilbeggan (IRE)
rac_11290253,William Hill Epic Boost Handicap Hurdle,Kilbeggan (IRE)
rac_11290240,William Hill Play Responsibly Maiden Hurdle,Kilbeggan (IRE)
rac_11293126,Ambrex Switchgear Handicap Hurdle (Div II),Wexford (IRE)
rac_11291371,Support The Irish Injured Jockeys Fund Handicap Hurdle,Wexford (IRE)
rac_11291358,Ambrex Switchgear Handicap Hurdle (Div I),Wexford (IRE)
rac_11291345,Visit Wexford Mares Handicap Hurdle,Wexford (IRE)
rac_11291332,Wexford Racecourse Mares Maiden Hurdle,Wexford (IRE)
rac_11295141,Thank You To Our Track Team Handicap Hurdle (Div II),Punchestown (IRE)
rac_11295128,Tuesday Treat At Punchestown Maiden Hurdle (Div II),Punchestown (IRE)
rac_11293620,See You In June Handicap Hurdle,Punchestown (IRE)
rac_11293607,Thank You To Our Track Team Handicap Hurdle (Div I),Punchestown (IRE)
rac_11293594,FitClub At Punchestown 9th June Handicap Hurdle,Punchestown (IRE)
rac_11293581,Punchestown Home Of Irish Jumps Maiden Hurdle,Punchestown (IRE)
rac_11293568,Summer In Town 8th & 9th June Handicap Hurdle,Punchestown (IRE)
rac_11293555,Tuesday Treat At Punchestown Maiden Hurdle (Div I),Punchestown (IRE)
rac_11295687,Down Royal Corporation Of Horse Breeders Opportunity Handicap Hurdle,Downpatrick (IRE)
rac_11295674,Frank And Brian Fitzsimons Memorial Handicap Hurdle,Downpatrick (IRE)
rac_11295661,Download The New Tote App Maiden Hurdle,Downpatrick (IRE)
rac_11303812,McHale Mayo Handicap Hurdle,Ballinrobe (IRE)
rac_11303799,McHale Fusion 4 Range Maiden Hurdle,Ballinrobe (IRE)
rac_11303786,McHale Pro Glide Hurdle,Ballinrobe (IRE)
rac_11305580,FBD Handicap Hurdle (Div II),Ballinrobe (IRE)
rac_11304423,FBD Handicap Hurdle (Div I),Ballinrobe (IRE)
rac_11304410,Portwest Handicap Hurdle,Ballinrobe (IRE)
rac_11304397,Monroe's Live John Monroe Memorial Mares Handicap Hurdle,Ballinrobe (IRE)
rac_11304384,Sheridan Electric Maiden Hurdle,Ballinrobe (IRE)
rac_11304371,KPMG Hurdle,Ballinrobe (IRE)
rac_11304358,Auray Assessors Fillies Maiden Hurdle,Ballinrobe (IRE)
rac_11305762,Fleadh Cheoil Wexford August 4th - 11th Handicap Hurdle (Div II),Wexford (IRE)
rac_11304592,Discover Wexford Handicap Hurdle,Wexford (IRE)
rac_11304579,Support The Irish Injured Jockeys Fund Hurdle,Wexford (IRE)
rac_11304566,BoyleSports Maiden Hurdle,Wexford (IRE)
rac_11304553,Fleadh Cheoil Wexford August 4th - 11th Handicap Hurdle (Div I),Wexford (IRE)
rac_11304540,Wexford Racecourse Rated Hurdle,Wexford (IRE)
rac_11304332,Free Streaming All Racing At Tote.ie Handicap Hurdle,Limerick (IRE)
rac_11304319,Tote.ie Handicap Hurdle,Limerick (IRE)
rac_11304306,Tote Never Beaten By SP Handicap Hurdle,Limerick (IRE)
rac_11304293,McMahons Builders Providers Mares Maiden Hurdle,Limerick (IRE)
rac_11304280,Connolly's RED MILLS Irish EBF Auction Maiden Hurdle (IRE Incentive Race),Limerick (IRE)
rac_11304267,Download The New Tote App Claiming Hurdle,Limerick (IRE)
rac_11306191,Dunmore East Handicap Hurdle,Tramore (IRE)
rac_11306178,Kilmeaden Mares' Maiden Hurdle,Tramore (IRE)
rac_11306165,Butlerstown Handicap Hurdle,Tramore (IRE)
rac_11306152,Ballyduff Maiden Hurdle,Tramore (IRE)
rac_11307842,Cnoc An Oir Handicap Hurdle,Listowel (IRE)
rac_11307829,Paddy Woods Handicap Hurdle,Listowel (IRE)
rac_11307816,John Thomas McNamara Handicap Hurdle,Listowel (IRE)
rac_11307803,Shay Rooney Opportunity Maiden Hurdle,Listowel (IRE)
rac_11307790,Join The Listowel Races Supporters Club Maiden Hurdle,Listowel (IRE)
rac_11307777,Anglo Printers Remembering John H. Kierans Mares Hurdle,Listowel (IRE)
rac_11307556,Racing TV Supporting Irish Racing Handicap Hurdle,Tramore (IRE)
rac_11307543,Start Your Racing TV Free Trial Now Maiden Hurdle,Tramore (IRE)
rac_11307530,racingtv.com/freetrial Handicap Hurdle,Tramore (IRE)
rac_11307517,Try Racing TV For Free At racingtv.com/freetrial Maiden Hurdle,Tramore (IRE)
rac_11307712,Midlands National Day Friday 12th July Handicap Hurdle,Kilbeggan (IRE)
rac_11307699,Joe Quinn Transport Longford Handicap Hurdle,Kilbeggan (IRE)
rac_11307686,KilbegganRaces.com Novice Hurdle,Kilbeggan (IRE)
rac_11307673,Adare Manor Opportunity Maiden Hurdle,Kilbeggan (IRE)
rac_11308791,Join Racing TV Now Handicap Hurdle,Listowel (IRE)
rac_11308778,Southern Waste Management Mares Handicap Hurdle,Listowel (IRE)
rac_11308765,John B. Keane (C & G) Maiden Hurdle,Listowel (IRE)
rac_11308752,Nora Canty Mares Maiden Hurdle,Listowel (IRE)
rac_11318242,"Ladbrokes Play ""1-2-Free"" Handicap Hurdle (Div II)",Punchestown (IRE)
rac_11312028,"Ladbrokes Play ""1-2-Free"" Handicap Hurdle (Div I)",Punchestown (IRE)
rac_11312015,Ladbrokes Daily Odds Boost Maiden Hurdle,Punchestown (IRE)
rac_11312002,"Ladbrokes ""2Up&Win"" Maiden Hurdle",Punchestown (IRE)
rac_11311989,"Ladbrokes ""We Play Together"" Novice Hurdle",Punchestown (IRE)
rac_11312132,K-Mech Mechanical Handicap Hurdle,Punchestown (IRE)
rac_11312119,John Dowling Memorial Maiden Hurdle,Punchestown (IRE)
rac_11312106,Lily & Wild Mares Maiden Hurdle,Punchestown (IRE)
rac_11312093,Cheers To The Punchestown Women Ladies Handicap Hurdle,Punchestown (IRE)
rac_11312080,Thank You Tom Maguire From All At Punchestown Hurdle,Punchestown (IRE)
rac_11319386,Shanagher Hearing Handicap Hurdle (Div II),Roscommon (IRE)
rac_11318203,Midsummer's Day With The Stars On Sunday 23rd June Handicap Hurdle,Roscommon (IRE)
rac_11318190,Ivan Connaughton Auctioneers Rated Novice Hurdle,Roscommon (IRE)
rac_11318177,Shanagher Hearing Handicap Hurdle (Div I),Roscommon (IRE)
rac_11318164,www.roscommonracecourse.ie Opportunity Maiden Hurdle,Roscommon (IRE)
rac_11319568,Lake Isle Of Innisfree Handicap Hurdle (Div II),Sligo (IRE)
rac_11318671,Glasshouse Hotel (Q.R.) Handicap Hurdle,Sligo (IRE)
rac_11318658,Kevin Egan Cars Commercial Vehicle Range Handicap Hurdle,Sligo (IRE)
rac_11318645,Lake Isle Of Innisfree Handicap Hurdle (Div I),Sligo (IRE)
rac_11318632,RSS Record Storage Service Opportunity Maiden Hurdle,Sligo (IRE)
rac_11318619,Hazelwood Mares Maiden Hurdle,Sligo (IRE)
rac_11318606,Knocknarea Opportunity Claiming Hurdle,Sligo (IRE)
rac_11321388,Randox (Q.R.) Handicap Hurdle (Div II),Downpatrick (IRE)
rac_11320608,Randox (Q.R.) Handicap Hurdle (Div I),Downpatrick (IRE)
rac_11320595,Northern Ireland On Course Bookmakers Association Opportunity Handicap Hurdle,Downpatrick (IRE)
rac_11320582,Irish Stallion Farms EBF Mares Maiden Hurdle,Downpatrick (IRE)
rac_11320738,Randox Handicap Hurdle,Downpatrick (IRE)
rac_11320725,Dunlop Homes Rated Novice Hurdle,Downpatrick (IRE)
rac_11320712,Download The New Tote App Opportunity Handicap Hurdle,Downpatrick (IRE)
rac_11320699,Irish Stallion Farms EBF Mares Handicap Hurdle,Downpatrick (IRE)
rac_11320686,Cab Plant Maiden Hurdle,Downpatrick (IRE)
rac_11320673,Adare Manor Opportunity Maiden Hurdle,Downpatrick (IRE)
rac_11322506,Belvedere House & Gardens Opportunity Handicap Hurdle (Div II),Kilbeggan (IRE)
rac_11321232,Paul & Carmel Fay Memorial Handicap Hurdle,Kilbeggan (IRE)
rac_11321219,Belvedere House & Gardens Opportunity Handicap Hurdle (Div I),Kilbeggan (IRE)
rac_11321206,www.kilbegganraces.com (Q.R.) Maiden Hurdle,Kilbeggan (IRE)
rac_11321193,Follow Kilbeggan On Instagram Mares Hurdle,Kilbeggan (IRE)
rac_11332750,Cappawhite CE Handicap Hurdle,Tipperary (IRE)
rac_11332737,Easyfix Handicap Hurdle,Tipperary (IRE)
rac_11332724,O'Driscoll's Irish Whiskey Maiden Hurdle,Tipperary (IRE)
rac_11332711,Kevin McManus Bookmaker Grimes Hurdle,Tipperary (IRE)
rac_11332698,TipperaryRaces.ie Handicap Hurdle,Tipperary (IRE)
rac_11332685,Donohue Marquees 3-Y-O Maiden Hurdle,Tipperary (IRE)
rac_11339991,Mallow Handicap Hurdle (Div II),Cork (IRE)
rac_11333972,RBC Brewin Dolphin Hurdle,Cork (IRE)
rac_11333959,Follow Us On Twitter Maiden Hurdle,Cork (IRE)
rac_11333946,Follow Us On Instagram Mares Handicap Hurdle,Cork (IRE)
rac_11333933,Mallow Handicap Hurdle (Div I),Cork (IRE)
rac_11333920,Buy Tickets On www.corkracecourse.ie Maiden Hurdle,Cork (IRE)
rac_11333907,Sign Up To Our Newsletter Maiden Hurdle,Cork (IRE)
rac_11340511,Adare Manor Opportunity Handicap Hurdle (Div II),Bellewstown (IRE)
rac_11335051,QuinnBet Handicap Hurdle,Bellewstown (IRE)
rac_11335038,Adare Manor Opportunity Handicap Hurdle (Div I),Bellewstown (IRE)
rac_11335025,Phil & Patsy Kierans Memorial Mares Maiden Hurdle,Bellewstown (IRE)
rac_11335012,Bia Energy Bellewstown Handicap Hurdle,Bellewstown (IRE)
rac_11334999,Grimme Ireland Maiden Hurdle,Bellewstown (IRE)
rac_11334986,Lennon Solar Novice Hurdle,Bellewstown (IRE)
rac_11341161,Kilcawley Construction Handicap Hurdle (Div II),Sligo (IRE)
rac_11334960,Sligo Park Hotel Handicap Hurdle,Sligo (IRE)
rac_11334947,Kilcawley Construction Handicap Hurdle (Div I),Sligo (IRE)
rac_11334934,Friends Of Brian Mulligan Opportunity Handicap Hurdle,Sligo (IRE)
rac_11334921,Irish Stallion Farms EBF Mares Handicap Hurdle,Sligo (IRE)
rac_11334908,CT Electrical Maiden Hurdle,Sligo (IRE)
rac_11334895,Family Day At Sligo Races Maiden Hurdle,Sligo (IRE)
rac_11340420,Roscommon Herald Handicap Hurdle,Roscommon (IRE)
rac_11340407,Re/Max Team Earley Handicap Hurdle,Roscommon (IRE)
rac_11340394,SuperValu Co. Roscommon Ladies Day Novice Hurdle,Roscommon (IRE)
rac_11340381,Frenchpark Maiden Hurdle,Roscommon (IRE)
rac_11340368,Adare Manor Opportunity Maiden Hurdle,Roscommon (IRE)
rac_11340355,Knockcroghery Claiming Hurdle,Roscommon (IRE)
rac_11342994,Larrigy's Pub Handicap Hurdle (Div II),Kilbeggan (IRE)
rac_11342292,Kilbeggan Racecourse Handicap Hurdle,Kilbeggan (IRE)
rac_11342279,Larrigy's Pub Handicap Hurdle (Div I),Kilbeggan (IRE)
rac_11342266,Writech Handicap Hurdle,Kilbeggan (IRE)
rac_11342253,Kilbeggan Irish Whiskey Maiden Hurdle,Kilbeggan (IRE)
rac_11342240,KilbegganRaces.com Mares Maiden Hurdle,Kilbeggan (IRE)
rac_11343488,Tote Handicap Hurdle (Div II),Wexford (IRE)
rac_11342760,Visit Wexford Maiden Hurdle,Wexford (IRE)
rac_11342747,Tote Handicap Hurdle (Div I),Wexford (IRE)
rac_11342734,Shamrock Enterprises Maiden Hurdle,Wexford (IRE)
rac_11343202,Margaret&Shaun Harte Welcome Sidharth & Rashmi Singh From The Marwari Horse Society Handicap Hurdle,Downpatrick (IRE)
rac_11343189,Charles And Kathleen Caldwell Memorial Rated Novice Hurdle,Downpatrick (IRE)
rac_11343176,Plus 2 Print Remembering Tony Oakes MBE Maiden Hurdle,Downpatrick (IRE)
rac_11343163,Quinn Estate Agents Handicap Hurdle,Downpatrick (IRE)
rac_11343150,Cosy Roof (C & G) Maiden Hurdle,Downpatrick (IRE)
rac_11343137,ITBA Mares Maiden Hurdle,Downpatrick (IRE)
rac_11343748,KPH Construction Handicap Hurdle,Killarney (IRE)
rac_11343735,Kerry Drain Services Handicap Hurdle,Killarney (IRE)
rac_11343722,Adare Manor Opportunity Handicap Hurdle,Killarney (IRE)
rac_11343709,Irish Stallion Farms EBF Mares Hurdle,Killarney (IRE)
rac_11343696,Killarney Plaza Hotel & Spa Maiden Hurdle,Killarney (IRE)
rac_11345425,Lee Strand Handicap Hurdle,Killarney (IRE)
rac_11345412,Europe Hotel & Resort Mares Maiden Hurdle,Killarney (IRE)
rac_11345399,Killarney Grand 3-Y-O Maiden Hurdle,Killarney (IRE)
rac_11353056,Sweeney Oil Handicap Hurdle (Div II),Ballinrobe (IRE)
rac_11351717,Sweeney Oil Handicap Hurdle (Div I),Ballinrobe (IRE)
rac_11351704,BoyleSports Best Odds Guaranteed Handicap Hurdle,Ballinrobe (IRE)
rac_11351691,RBC Brewin Dolphin Rated Novice Hurdle,Ballinrobe (IRE)
rac_11351678,David Heneghan Memorial Handicap Hurdle,Ballinrobe (IRE)
rac_11351665,"West ""Howaya"" Maiden Hurdle",Ballinrobe (IRE)
rac_11351652,Breaffy House Resort Maiden Hurdle,Ballinrobe (IRE)
rac_11353914,Wexford Heritage Trails Handicap Hurdle (Div II),Wexford (IRE)
rac_11353901,Fleadh Cheoil Wexford Handicap Hurdle (Div II),Wexford (IRE)
rac_11351886,Wexford Heritage Trails Handicap Hurdle (Div I),Wexford (IRE)
rac_11351873,Fleadh Cheoil Wexford Handicap Hurdle (Div I),Wexford (IRE)
rac_11351860,Neville Hotels Ladies Handicap Hurdle,Wexford (IRE)
rac_11351847,visitwexford.ie Mares Maiden Hurdle,Wexford (IRE)
rac_11351834,Wexford (C & G) Maiden Hurdle,Wexford (IRE)
rac_11354460,Massey Ferguson Johnston Farm Equipment Longford Handicap Hurdle (Div II),Kilbeggan (IRE)
rac_11353498,Hurley Family Maiden Hurdle,Kilbeggan (IRE)
rac_11353485,Tote Handicap Hurdle,Kilbeggan (IRE)
rac_11353472,Massey Ferguson Johnston Farm Equipment Longford Handicap Hurdle (Div I),Kilbeggan (IRE)
rac_11353459,Tom McCormack Memorial Cup Maiden Hurdle,Kilbeggan (IRE)
rac_11353446,Tote Maiden Hurdle,Kilbeggan (IRE)
rac_11354837,Easyfix Handicap Hurdle,Galway (IRE)
rac_11354824,Galmont Hotel & The Galway Bay Hotel Novice Hurdle,Galway (IRE)
rac_11355201,COLM QUINN BMW Novice Hurdle ,Galway (IRE)
rac_11355305,Tote Where's Danny Irish EBF Mares Handicap Hurdle,Galway (IRE)
rac_11355292,Tote Never Beaten By SP Handicap Hurdle,Galway (IRE)
rac_11355279,Tote.ie Maiden Hurdle,Galway (IRE)
rac_11355422,Guinness Novice Hurdle,Galway (IRE)
rac_11353706,Guinness Galway Hurdle Handicap,Galway (IRE)
rac_11356956,Guinness Galway Tribes Handicap Hurdle,Galway (IRE)
rac_11357450,BoyleSports Best Odds Guaranteed Maiden Hurdle,Galway (IRE)
rac_11353719,BoyleSports Handicap Hurdle (),Galway (IRE)
rac_11357554,Kenny Galway Handicap Hurdle,Galway (IRE)
rac_11357541,Adare Manor Opportunity Handicap Hurdle,Galway (IRE)
rac_11365120,Follow Us On Instagram Handicap Hurdle (Div II),Cork (IRE)
rac_11363534,Kanturk Handicap Hurdle,Cork (IRE)
rac_11363521,Follow Us On Twitter Hurdle,Cork (IRE)
rac_11363508,Follow Us On Instagram Handicap Hurdle (Div I),Cork (IRE)
rac_11363495,Adare Manor Opportunity Maiden Hurdle,Cork (IRE)
rac_11363482,Fermoy Handicap Hurdle,Cork (IRE)
rac_11363469,Mallow Mares Maiden Hurdle,Cork (IRE)
rac_11365315,Curragh To Curragh Cycle on Saturday August 31st Maiden Hurdle Div II),Roscommon (IRE)
rac_11363950,Connolly's Red Mills Handicap Hurdle,Roscommon (IRE)
rac_11363937,Curragh To Curragh Cycle on Saturday August 31st Maiden Hurdle (Div I),Roscommon (IRE)
rac_11363924,Railway Bar Maiden Hurdle,Roscommon (IRE)
rac_11365718,Visit Wexford Handicap Hurdle (Div II),Wexford (IRE)
rac_11364028,Visit Wexford Handicap Hurdle (Div I),Wexford (IRE)
rac_11364015,Wexford Fillies Maiden Hurdle,Wexford (IRE)
rac_11364327,Lighthouse At Clifford Electrical Handicap Hurdle,Sligo (IRE)
rac_11364314,Mulhern Leonard Chartered Accountants Maiden Hurdle,Sligo (IRE)
rac_11364301,Apex Controls Ltd Handicap Hurdle,Sligo (IRE)
rac_11364288,Kilcawley Construction Rated Novice Hurdle,Sligo (IRE)
rac_11364275,Martin Reilly Hyundai Mares Maiden Hurdle,Sligo (IRE)
rac_11364262,Clayton Hotel Claiming Hurdle,Sligo (IRE)
rac_11367122,Pat Farrell Memorial Handicap Hurdle (Div II),Wexford (IRE)
rac_11365913,Traynors Of Wexford Handicap Hurdle,Wexford (IRE)
rac_11365900,Pat Farrell Memorial Handicap Hurdle (Div I),Wexford (IRE)
rac_11365887,Support The Irish Injured Jockey Fund Handicap Hurdle,Wexford (IRE)
rac_11365874,Noel O'Connell Memorial Mares Handicap Hurdle,Wexford (IRE)
rac_11365861,Think Print & Design Maiden Hurdle,Wexford (IRE)
rac_11366732,Joe Cooney Memorial Hurdle,Kilbeggan (IRE)
rac_11366719,BetXS Staffless Betting Shops Maiden Hurdle,Kilbeggan (IRE)
rac_11366706,Smiddy's Pub Mullingar Handicap Hurdle,Kilbeggan (IRE)
rac_11366693,Racing Again Summer Evening Racing August 23rd Maiden Hurdle,Kilbeggan (IRE)
rac_11366849,Shortcross Irish Whiskey Handicap Hurdle,Downpatrick (IRE)
rac_11366836,Randox Maiden Hurdle,Downpatrick (IRE)
rac_11366823,Mighty Women Awards Mares Handicap Hurdle,Downpatrick (IRE)
rac_11366810,Shortcross Gin Handicap Hurdle,Downpatrick (IRE)
rac_11366797,Congratulations To Pinkerton On Winning The Tote Galway Plate Rated Hurdle,Downpatrick (IRE)
rac_11366784,ITBA Mares Maiden Hurdle,Downpatrick (IRE)
rac_11367226,J.J. Burke Peugeot Handicap Hurdle,Ballinrobe (IRE)
rac_11367213,Connolly's RED MILLS Irish EBF Auction Maiden Hurdle (IRE Incentive Race),Ballinrobe (IRE)
rac_11367200,Burleigh Accountancy Handicap Hurdle,Ballinrobe (IRE)
rac_11367187,Broderick's Electric Handicap Hurdle,Ballinrobe (IRE)
rac_11367174,Cummins Homevalue Hardware Handicap Hurdle,Ballinrobe (IRE)
rac_11367161,Bank Of Ireland Brendan Maloney Memorial Maiden Hurdle,Ballinrobe (IRE)
rac_11367148,C.J. Sheeran Ltd 3-Y-O Maiden Hurdle,Ballinrobe (IRE)
rac_11367798,Walsh Butler Ltd Electrical Services Handicap Hurdle,Tramore (IRE)
rac_11367785,Broadstreet Bar & Grill Rated Novice Hurdle,Tramore (IRE)
rac_11367772,Waterford FC Handicap Hurdle,Tramore (IRE)
rac_11367759,Bluegrass Horse Feeds Maiden Hurdle,Tramore (IRE)
rac_11369670,Comeragh Veterinary Kilmachthomas Handicap Hurdle,Tramore (IRE)
rac_11369657,Majestic Hotel Mares Maiden Hurdle,Tramore (IRE)
rac_11369644,Assembly Tech Mares Handicap Hurdle,Tramore (IRE)
rac_11369631,Michael Griffin Auctioneers Maiden Hurdle,Tramore (IRE)
rac_11370268,Tramore Amusements Maiden Hurdle,Tramore (IRE)
rac_11370255,Frank Gillane Memorial Handicap Hurdle,Tramore (IRE)
rac_11370242,Peter Queally Memorial Maiden Hurdle,Tramore (IRE)
rac_11376313,Adare Manor Opportunity Handicap Hurdle,Sligo (IRE)
rac_11376300,Francie 'Banger' Burns Handicap Hurdle,Sligo (IRE)
rac_11376287,McDermott Farm Machinery Handicap Hurdle,Sligo (IRE)
rac_11376274,Hankook Pearse Rd Tyres Maiden Hurdle,Sligo (IRE)
rac_11376261,Aidan Moffitt Memorial Handicap Hurdle,Sligo (IRE)
rac_11376248,End Of Summer Mares Maiden Hurdle,Sligo (IRE)
rac_11376456,Irish Stallion Farms EBF Novice Hurdle,Killarney (IRE)
rac_11376443,GMIB Handicap Hurdle,Killarney (IRE)
rac_11376430,Bordeaux Racecourse 3-Y-O Maiden Hurdle,Killarney (IRE)
rac_11378224,New Forest Estate & Golf Club Maiden Hurdle,Kilbeggan (IRE)
rac_11378211,Tom Lynam Memorial Handicap Hurdle,Kilbeggan (IRE)
rac_11378198,Follow Kilbeggan On Instagram Novice Hurdle,Kilbeggan (IRE)
rac_11378185,End Of Season Celebration September 6th Maiden Hurdle,Kilbeggan (IRE)
rac_11379641,Adare Manor Opportunity Handicap Hurdle (Div II),Killarney (IRE)
rac_11378796,Bunkers Bar & Restaurant Handicap Hurdle,Killarney (IRE)
rac_11378783,Adare Manor Opportunity Handicap Hurdle (Div I),Killarney (IRE)
rac_11378770,Laurels Bar & Restaurant Maiden Hurdle,Killarney (IRE)
rac_11379394,On-Course Bookmakers Handicap Hurdle,Ballinrobe (IRE)
rac_11379381,Paddy Smyth Memorial Mares Maiden Hurdle,Ballinrobe (IRE)
rac_11379368,Hollymount Nursing Home Handicap Hurdle,Ballinrobe (IRE)
rac_11379355,Adare Manor Opportunity Maiden Hurdle,Ballinrobe (IRE)
rac_11379303,My Pension Expert Handicap Hurdle,Downpatrick (IRE)
rac_11379290,Randox Maiden Hurdle,Downpatrick (IRE)
rac_11379277,Ulster Carpets Handicap Hurdle,Downpatrick (IRE)
rac_11379264,A J C Group Maiden Hurdle,Downpatrick (IRE)
rac_11381500,John Purfield Memorial Handicap Hurdle (Div II),Bellewstown (IRE)
rac_11379771,John Purfield Memorial Handicap Hurdle (Div I),Bellewstown (IRE)
rac_11379758,PANDA Mares Hurdle,Bellewstown (IRE)
rac_11379745,Bective Stud Tea Rooms & Apartments Mullacurry Cup Handicap Hurdle,Bellewstown (IRE)
rac_11379732,Reddans Of Bettystown Handicap Hurdle,Bellewstown (IRE)
rac_11379719,Connolly's RED MILLS Irish EBF Auction Maiden Hurdle (IRE Incentive Race),Bellewstown (IRE)
rac_11379706,Dave Harvey Memorial Claiming Hurdle,Bellewstown (IRE)
rac_11382696,visitwexford.ie Handicap Hurdle (Div II),Wexford (IRE)
rac_11381942,Brendan Cullimore Electrical Mares Maiden Hurdle,Wexford (IRE)
rac_11381929,Wexford Heritage Trails Handicap Hurdle,Wexford (IRE)
rac_11381916,visitwexford.ie Handicap Hurdle (Div I),Wexford (IRE)
rac_11381903,Adare Manor Opportunity Maiden Hurdle,Wexford (IRE)
rac_11381877,Pilgrim's Handicap Hurdle,Down Royal (IRE)
rac_11381864,Pepsico (Walkers Snacks) Hurdle,Down Royal (IRE)
rac_11381851,Linden Foods Maiden Hurdle,Down Royal (IRE)
rac_11381838,Kerry Foods Handicap Hurdle,Down Royal (IRE)
rac_11381825,Hovis (Prev. Premier Bakeries Ireland) Mares Maiden Hurdle,Down Royal (IRE)
rac_11381812,Dale Farm Dromona 3-Y-O Hurdle,Down Royal (IRE)
rac_11388689,Kilbeggan Handicap Hurdle,Kilbeggan (IRE)
rac_11388676,Follow Kilbeggan On Instagram Maiden Hurdle,Kilbeggan (IRE)
rac_11388663,Racing Again On Friday Handicap Hurdle,Kilbeggan (IRE)
rac_11388650,Kilbeggan Racecourse Novice Handicap Hurdle,Kilbeggan (IRE)
rac_11388637,www.kilbegganraces.com Mares Maiden Hurdle,Kilbeggan (IRE)
rac_11388624,Follow Kilbeggan On Facebook Mares Handicap Hurdle,Kilbeggan (IRE)
rac_11388611,KilbegganRaces.com Maiden Hurdle,Kilbeggan (IRE)
rac_11390184,Seán Daly Cornaher Memorial Opportunity Handicap Hurdle,Kilbeggan (IRE)
rac_11390171,Adare Manor Opportunity Maiden Hurdle,Kilbeggan (IRE)
rac_11390158,Pat Doyle Memorial Handicap Hurdle,Kilbeggan (IRE)
rac_11390145,Sean Hughes Memorial Maiden Hurdle,Kilbeggan (IRE)
rac_11393551,Galway Handicap Hurdle (Div II),Galway (IRE)
rac_11391848,Galway Handicap Hurdle (Div I),Galway (IRE)
rac_11391835,Deacy Gilligan Hurdle,Galway (IRE)
rac_11391822,angloprinters.ie Handicap Hurdle,Galway (IRE)
rac_11391809,Kenny Developments Maiden Hurdle,Galway (IRE)
rac_11394383,Irish Stallion Farms EBF Mares' Handicap Hurdle,Ballinrobe (IRE)
rac_11394370,Michael Cawe Suspended Ceilings Handicap Hurdle,Ballinrobe (IRE)
rac_11394357,Irish Stallion Farms EBF Mares' Maiden Hurdle,Ballinrobe (IRE)
rac_11394344,Kog Logistics 3-Y-O Maiden Hurdle,Ballinrobe (IRE)
rac_11401715,Tote Never Beaten By SP Handicap Hurdle,Tramore (IRE)
rac_11401702,Students Raceday October 10th Maiden Hurdle,Tramore (IRE)
rac_11401689,Tramore Racecourse Directors Handicap Hurdle,Tramore (IRE)
rac_11401676,Download The New Tote App Maiden Hurdle,Tramore (IRE)
rac_11403977,Watch Racing TV With Free Trial Now Rated Novice Hurdle,Downpatrick (IRE)
rac_11403964,Caleb & Ezra Starkey Handicap Hurdle,Downpatrick (IRE)
rac_11403951,MB McGrady & Co Chartered Accountants Handicap Hurdle,Downpatrick (IRE)
rac_11403938,Downpatrick Maiden Hurdle,Downpatrick (IRE)
rac_11404692,Dairygold Maiden Hurdle,Listowel (IRE)
rac_11404679,Kerry Group Irish EBF Mares Handicap Hurdle,Listowel (IRE)
rac_11404666,Cheesestrings Irish EBF Mares Hurdle,Listowel (IRE)
rac_11404653,Charleville Cheese 3-Y-O Hurdle,Listowel (IRE)
rac_11406551,Devon Inn Dan Sheehan Memorial Handicap Hurdle,Listowel (IRE)
rac_11406538,Brandon Hotel Handicap Hurdle,Listowel (IRE)
rac_11406525,Seamus Mulvaney Bookmaker Novice Hurdle,Listowel (IRE)
rac_11406512,McSweeney Brothers Maiden Hurdle,Listowel (IRE)
rac_11406473,Behans Horseshoe Bar Restaurant & Townhouse Handicap Hurdle,Listowel (IRE)
rac_11406460,Adare Manor Opportunity Handicap Hurdle,Listowel (IRE)
rac_11406447,Liam Healy Memorial Lartigue Hurdle (Listed Handicap),Listowel (IRE)
rac_11406434,Connolly's RED MILLS Irish EBF Auction Maiden Hurdle (IRE Incentive Race),Listowel (IRE)
rac_11406421,Buckley Agri New Holland Irish EBF Mares Maiden Hurdle,Listowel (IRE)
rac_11408800,Guinness Handicap Hurdle,Listowel (IRE)
rac_11408787,Southampton Goodwill Plate Handicap Hurdle,Listowel (IRE)
rac_11408774,John J. Galvin Maiden Hurdle,Listowel (IRE)
rac_11404107,MCG Handicap Hurdle (),Listowel (IRE)
rac_11409073,Kathleen Walsh Memorial Handicap Hurdle,Listowel (IRE)
rac_11409060,M.J. Carroll ARRO Handicap Hurdle,Listowel (IRE)
rac_11409047,Allman Contracts Novice Hurdle,Listowel (IRE)
rac_11409034,John Lynch Memorial Maiden Hurdle,Listowel (IRE)
rac_11417146,Regan Tractor And Jeep Sales Handicap Hurdle (Div II),Roscommon (IRE)
rac_11415131,Image Furnishings Handicap Hurdle,Roscommon (IRE)
rac_11415118,Regan Tractor And Jeep Sales Handicap Hurdle (Div I),Roscommon (IRE)
rac_11415105,Thomas A. Murray Bar Roscommon Mares' Maiden Hurdle,Roscommon (IRE)
rac_11415092,Jimmy Murray Agri Services Handicap Hurdle,Roscommon (IRE)
rac_11415079,Guinness Maiden Hurdle,Roscommon (IRE)
rac_11415989,Glenary Handicap Hurdle,Clonmel (IRE)
rac_11415976,Tickincor Handicap Hurdle,Clonmel (IRE)
rac_11415963,Derrinlaur Mares Handicap Hurdle,Clonmel (IRE)
rac_11415950,Slievenamon Claiming Hurdle,Clonmel (IRE)
rac_11415937,Kilmore Maiden Hurdle,Clonmel (IRE)
rac_11415924,Killaloan Maiden Hurdle,Clonmel (IRE)
rac_11419707,Golf At Gowran Park Handicap Hurdle (Div II),Gowran Park (IRE)
rac_11418225,Thomastown Handicap Hurdle,Gowran Park (IRE)
rac_11418212,Golf Societies @ Gowran Park Handicap Hurdle,Gowran Park (IRE)
rac_11418199,Irish Stallion Farms EBF Pat Walsh Memorial Mares Hurdle,Gowran Park (IRE)
rac_11418186,Golf At Gowran Park Handicap Hurdle (Div I),Gowran Park (IRE)
rac_11418173,Gowran Park Racing Club Maiden Hurdle,Gowran Park (IRE)
rac_11418160,Xenon Security Maiden Hurdle,Gowran Park (IRE)
rac_11419239,Jack Duggan Memorial Handicap Hurdle,Gowran Park (IRE)
rac_11419226,Joe Bollard Memorial Maiden Hurdle,Gowran Park (IRE)
rac_11419213,www.gowranpark.ie 3-Y-O Maiden Hurdle,Gowran Park (IRE)
rac_11419174,Racing TV Handicap Hurdle,Tipperary (IRE)
rac_11419161,Horse & Jockey Hotel Hurdle,Tipperary (IRE)
rac_11419148,BoyleSports Novice Hurdle,Tipperary (IRE)
rac_11419044,James Collins Memorial Handicap Hurdle,Killarney (IRE)
rac_11419031,Panoramic At Killarney Racecourse Rated Novice Hurdle,Killarney (IRE)
rac_11419018,Ross Castle Handicap Hurdle,Killarney (IRE)
rac_11419005,Irish Stallion Farms EBF Mares Maiden Hurdle,Killarney (IRE)
rac_11420149,House Restaurant Open For All Handicap Hurdle,Fairyhouse (IRE)
rac_11420136,Winter Festival Hospitality On Sale Now Handicap Hurdle,Fairyhouse (IRE)
rac_11420123,Buy Now & Save With The Winter Festival Real Deal Bundle Maiden Hurdle,Fairyhouse (IRE)
rac_11420110,Sign Up & Save With Fairyhouse.ie Mares Handicap Hurdle,Fairyhouse (IRE)
rac_11420097,Buy Your Early Bird Winter Festival Tickets Now (C & G) Maiden Hurdle,Fairyhouse (IRE)
rac_11420084,Irish Stallion Farms EBF Mares Maiden Hurdle,Fairyhouse (IRE)
rac_11421540,Ryans Cleaning Handicap Hurdle,Galway (IRE)
rac_11421527,Galway Handicap Hurdle,Galway (IRE)
rac_11421514,Tote Always SP Or Better At Galway Maiden Hurdle,Galway (IRE)
rac_11421436,Tramore Racecourse On Instagram Handicap Hurdle,Tramore (IRE)
rac_11421423,Irish Stallion Farms EBF Mares Maiden Hurdle,Tramore (IRE)
rac_11421410,Ardmore Handicap Hurdle,Tramore (IRE)
rac_11421397,www.tramoreraces.ie Maiden Hurdle,Tramore (IRE)
rac_11423997,Denis Macauley Memorial Handicap Hurdle,Downpatrick (IRE)
rac_11423984,I.N.H. Stallion Owners EBF Maiden Hurdle,Downpatrick (IRE)
rac_11423971,Pro Solar NI Sam Downey Memorial Handicap Hurdle,Downpatrick (IRE)
rac_11423958,Northern Ireland On Course Bookmakers Association Novice Handicap Hurdle,Downpatrick (IRE)
rac_11423945,Toals Bookmakers Maiden Hurdle,Downpatrick (IRE)
rac_11430900,O'Neills.com Maiden Hurdle,Fairyhouse (IRE)
rac_11425011,Frank Lynch & Co Chartered Certified Accountants Supporting Louth GAA Handicap Hurdle,Fairyhouse (IRE)
rac_11424998,Powerscreen New England Supporting Louth GAA Handicap Hurdle,Fairyhouse (IRE)
rac_11424985,Protection & Prosperity Financial Services Supporting Louth GAA Handicap Hurdle,Fairyhouse (IRE)
rac_11424972,Adare Manor Opportunity Mares Maiden Hurdle,Fairyhouse (IRE)
rac_11424907,I.N.H. Stallion Owners EBF Novice Hurdle,Cork (IRE)
rac_11424894,Connolly's RED MILLS Irish EBF Auction Maiden Hurdle (IRE Incentive Race),Cork (IRE)
rac_11424881,Mallow 3-Y-O Maiden Hurdle,Cork (IRE)
rac_11431472,William Hill Extra Places Daily Handicap Hurdle,Punchestown (IRE)
rac_11431459,William Hill Check Out Our Top Price Guarantees Handicap Hurdle,Punchestown (IRE)
rac_11431446,William Hill Keep Your Raceday Positive Maiden Hurdle,Punchestown (IRE)
rac_11431433,William Hill Committed To Top Prices Hurdle,Punchestown (IRE)
rac_11431420,William Hill Proper Pricing Handicap Hurdle,Punchestown (IRE)
rac_11431407,William Hill Proper Betting 3-Y-O Hurdle,Punchestown (IRE)
rac_11431706,2025 Membership On Sale Soon Handicap Hurdle,Punchestown (IRE)
rac_11431693,Punchestown Premiere Weekend 23rd & 24th November Mares Handicap Hurdle,Punchestown (IRE)
rac_11431680,BetVictor Maiden Hurdle,Punchestown (IRE)
rac_11436126,Race Displays Handicap Hurdle (Div II),Limerick (IRE)
rac_11434540,Race Displays Handicap Hurdle (Div I),Limerick (IRE)
rac_11434527,Great National South Court Hotel Maiden Hurdle,Limerick (IRE)
rac_11434514,Focus Capital Novice Hurdle (),Limerick (IRE)
rac_11434501,Irish Stallion Farms EBF Cailin Alainn Mares Hurdle (),Limerick (IRE)
rac_11434488,Limerick Show Handicap Hurdle,Limerick (IRE)
rac_11434475,Master Chefs Maiden Hurdle,Limerick (IRE)
rac_11434696,John Thomas McNamara Series (Q.R.) Handicap Hurdle,Limerick (IRE)
rac_11434683,Crown Paints Handicap Hurdle,Limerick (IRE)
rac_11434670,Garrynacurra Stud (C & G) Maiden Hurdle,Limerick (IRE)
rac_11434657,PwC Mares Maiden Hurdle,Limerick (IRE)
rac_11436581,Rathgormack Handicap Hurdle,Clonmel (IRE)
rac_11436568,Irish Stallion Farms EBF Mares Maiden Hurdle,Clonmel (IRE)
rac_11436555,Kilclooney Woods (Q.R.) Handicap Hurdle,Clonmel (IRE)
rac_11436542,Crottys Lake Maiden Hurdle,Clonmel (IRE)
rac_11438908,SF Engineering Handicap Hurdle,Sligo (IRE)
rac_11438895,Irish Stallion Farms EBF Maiden Hurdle,Sligo (IRE)
rac_11438882,Sligo Races Punters Handicap Hurdle,Sligo (IRE)
rac_11438869,John Thomas McNamara Series (Q.R.) Maiden Hurdle,Sligo (IRE)
rac_11438856,Callan Tansey Mares Handicap Hurdle,Sligo (IRE)
rac_11438843,Sligo Races Halloween Hurdle,Sligo (IRE)
rac_11439844,COLM QUINN BMW Handicap Hurdle,Galway (IRE)
rac_11439831,W.B. Gavin & Co. Handicap Hurdle,Galway (IRE)
rac_11439805,Corrib Oil Maiden Hurdle,Galway (IRE)
rac_11439792,Connolly's RED MILLS Irish EBF Auction Maiden Hurdle,Galway (IRE)
rac_11439779,Renvyle House Hotel 3-Y-O Maiden Hurdle,Galway (IRE)
rac_11440052,Mulryan Auctioneers Handicap Hurdle,Galway (IRE)
rac_11440039,Glenlo Abbey Hotel & Estate Maiden Hurdle,Galway (IRE)
rac_11440026,100 Euros Annual Badge For Galway 2025 Novice Hurdle,Galway (IRE)
rac_11439974,Purchase By 3pm Today To WINABMW.ie Mares Maiden Hurdle,Galway (IRE)
rac_11439935,Slaney View Honda Handicap Hurdle,Wexford (IRE)
rac_11439922,Irish Stallion Farms EBF Mares Hurdle,Wexford (IRE)
rac_11439909,Remembering Bridget Hillis Maiden Hurdle,Wexford (IRE)
rac_11439896,BoyleSports Best Odds Guaranteed Maiden Hurdle,Wexford (IRE)
rac_11445330,Racing TV Maiden Hurdle,Wexford (IRE)
rac_11445317,County Wexford Vintners Federation Opportunity Handicap Hurdle,Wexford (IRE)
rac_11445304,Kehoe Farming Rated Novice Hurdle,Wexford (IRE)
rac_11445291,Racing TV Maiden Hurdle,Wexford (IRE)
rac_11449503,Bottlegreen Hurdle,Down Royal (IRE)
rac_11449490,Irish Stallion Farms EBF Feathard Lady Mares Novice Hurdle,Down Royal (IRE)
rac_11449477,Lough Construction Ltd. Handicap Hurdle,Down Royal (IRE)
rac_11449464,Irish Stallion Farms EBF Maiden Hurdle,Down Royal (IRE)
rac_11450907,Eventsec Handicap Hurdle,Down Royal (IRE)
rac_11450894,Tayto Group Maiden Hurdle,Down Royal (IRE)
rac_11450881,Lisburn And Castlereagh City Council 3-Y-O Hurdle,Down Royal (IRE)
rac_11450582,E. Tarrant & Sons Banteer Handicap Hurdle,Cork (IRE)
rac_11450543,"Paddy Power ""How Many Days 'Til Christmas?"" Irish EBF Novice Hurdle ()",Cork (IRE)
rac_11450530,"Paddy Power ""Did You Watch The Breeders Cup At All?"" Mares Maiden Hurdle",Cork (IRE)
rac_11450517,"Paddy Power ""God I Miss Jackie Lennox's"" Handicap Hurdle",Cork (IRE)
rac_11450504,Paddy Power From The Horse's Mouth Podcast Maiden Hurdle,Cork (IRE)
rac_11453715,BARONERACING.COM Winter Festival Handicap Hurdle (Div II),Fairyhouse (IRE)
rac_11452272,Sign Up To Fairyhouse Newsletter Handicap Hurdle,Fairyhouse (IRE)
rac_11452259,BARONERACING.COM Winter Festival Handicap Hurdle (Div I),Fairyhouse (IRE)
rac_11452246,Fairyhouse Membership 2025 Rated Hurdle,Fairyhouse (IRE)
rac_11452233,Sign Up To GavinLynchRacing.com Maiden Hurdle,Fairyhouse (IRE)
rac_11452220,Starting Point 3-Y-O Maiden Hurdle,Fairyhouse (IRE)
rac_11452389,Clonmel Oil Service Station Handicap Hurdle,Clonmel (IRE)
rac_11452376,Connolly's RED MILLS Irish EBF Auction Maiden Hurdle,Clonmel (IRE)
rac_11452363,I.N.H. Stallion Owners EBF Maiden Hurdle,Clonmel (IRE)
rac_11461060,Pat Carroll's Pub Kilkenny Mares Handicap Hurdle (Div II),Gowran Park (IRE)
rac_11454937,Pat Carroll's Pub Kilkenny Mares Handicap Hurdle (Div I),Gowran Park (IRE)
rac_11454924,GAIN Equine Nutrition Novice Handicap Hurdle,Gowran Park (IRE)
rac_11454911,Proficient Engineering Irish EBF Maiden Hurdle,Gowran Park (IRE)
rac_11454898,PRL Group Maiden Hurdle,Gowran Park (IRE)
rac_11455002,Brown Lad Handicap Hurdle ,Naas (IRE)
rac_11454989,I.N.H. Stallion Owners EBF Maiden Hurdle,Naas (IRE)
rac_11454976,Fishery Lane Novice Hurdle,Naas (IRE)
rac_11454963,Cavan Developments Home Builders Supporting St Marys GAA Maiden Hurdle,Naas (IRE)
rac_11461398,John Thomas McNamara Series (Q.R.) Handicap Hurdle,Fairyhouse (IRE)
rac_11461346,Fairyhouse Student Day Handicap Hurdle,Fairyhouse (IRE)
rac_11461333,Sign Up To GavinLynchRacing.com Mares Maiden Hurdle,Fairyhouse (IRE)
rac_11463738,See You On 23rd & 24th November Handicap Hurdle,Punchestown (IRE)
rac_11463725,Connolly's RED MILLS Irish EBF Auction Maiden Hurdle,Punchestown (IRE)
rac_11463712,Festival Flexi Ticket Is Back Handicap Hurdle,Punchestown (IRE)
rac_11463699,50 000 Euro BetVictor Graduation Bonus Series Maiden Hurdle,Punchestown (IRE)
rac_11463686,50 000 Euro BetVictor Graduation Bonus Series 3-Y-O Hurdle,Punchestown (IRE)
rac_11465194,Railway Bar Lismullen Hurdle,Navan (IRE)
rac_11465181,Bar One Racing For Auction Novice Hurdle,Navan (IRE)
rac_11465168,Hotel Park St. Johann In Tirol Austria Handicap Hurdle,Navan (IRE)
rac_11465155,Lisadell Equine Hospital Handicap Hurdle,Navan (IRE)
rac_11465142,Kilberry Pub & Kitchen Maiden Hurdle,Navan (IRE)
rac_11465298,"Bar One Racing ""Bet 10 Euros Get 50 Euros Sign Up Offer"" Tara Handicap Hurdle",Navan (IRE)
rac_11465285,John Lynch Carpets & Flooring Monksfield Novice Hurdle,Navan (IRE)
rac_11465272,"Gaeil Colmcille GAA Kells ""Day At The Races"" Handicap Hurdle",Navan (IRE)
rac_11465259,Irish Stallion Farms EBF Mares Maiden Hurdle,Navan (IRE)
rac_11465246,"Bar One Racing ""Price Boosts Across All Channels"" 3-Y-O Maiden Hurdle",Navan (IRE)
rac_11467872,Limerick Races On Facebook Handicap Hurdle (Div II),Limerick (IRE)
rac_11466676,Follow Us On Instagram @ Limerick Races Opportunity Handicap Hurdle,Limerick (IRE)
rac_11466663,Mr Binman Christmas Racing Festival 26th - 29th December Handicap Hurdle,Limerick (IRE)
rac_11466650,Limerick Races On Facebook Handicap Hurdle (Div I),Limerick (IRE)
rac_11466637,Panoramic Restaurant @ Limerick Races Mares Handicap Hurdle,Limerick (IRE)
rac_11466624,Adare Manor Opportunity Maiden Hurdle,Limerick (IRE)
rac_11466611,Conference & Banqueting Facilities At Limerick Racecourse Maiden Hurdle,Limerick (IRE)
rac_11466871,Sign Up To GavinLynchRacing.com (Q.R.) Maiden Hurdle,Thurles (IRE)
rac_11466858,Horse & Jockey Handicap Hurdle,Thurles (IRE)
rac_11466845,ThurlesRaces.ie Handicap Hurdle,Thurles (IRE)
rac_11466832,Irish Stallion Farms EBF Mares Maiden Hurdle,Thurles (IRE)
rac_11466819,I.N.H. Stallion Owners EBF Novice Hurdle,Thurles (IRE)
rac_11468561,Junction Mares Handicap Hurdle,Tipperary (IRE)
rac_11468548,@tipperaryraces Novice Handicap Hurdle,Tipperary (IRE)
rac_11468535,Visit Tipperary Maiden Hurdle,Tipperary (IRE)
rac_11468522,Follow Us On Facebook Handicap Hurdle,Tipperary (IRE)
rac_11468509,TipperaryRaces.ie Maiden Hurdle,Tipperary (IRE)
rac_11469640,Albert Bartlett Triple Crown Series Qualifier Handicap Hurdle,Punchestown (IRE)
rac_11469588,Sebden Steel Maiden Hurdle,Punchestown (IRE)
rac_11469575,Total Event Rental 3-Y-O Maiden Hurdle,Punchestown (IRE)
rac_11452454,Unibet Morgiana Hurdle,Punchestown (IRE)
rac_11469744,Sherry Fitzgerald Brady O'Flaherty Supporting Longford GAA Novice Handicap Hurdle,Punchestown (IRE)
rac_11469705,Pertemps Network Group Handicap Hurdle (Qualifier),Punchestown (IRE)
rac_11469692,Frontline Security Grabel Mares Hurdle (),Punchestown (IRE)
rac_11469679,I.N.H. Stallion Owners EBF Maiden Hurdle,Punchestown (IRE)
rac_11475243,2025 Group Package Deals Online Handicap Hurdle,Tramore (IRE)
rac_11475230,Book A Table For New Years Day Mares Handicap Hurdle,Tramore (IRE)
rac_11475217,New Years Day Discount Tickets Online Mares Maiden Hurdle,Tramore (IRE)
rac_11475204,2025 Annual Badge At Tramore Racecourse Maiden Hurdle,Tramore (IRE)
rac_11475464,Horse & Jockey Handicap Hurdle,Thurles (IRE)
rac_11475451,Killinan Maiden Hurdle,Thurles (IRE)
rac_11475438,Irish Stallion Farms EBF Mares Maiden Hurdle,Thurles (IRE)
rac_11475425,www.thurlesraces.ie Maiden Hurdle,Thurles (IRE)
rac_11477297,Horse & Jockey Handicap Hurdle,Thurles (IRE)
rac_11477284,Racing Again December 21st Mares Handicap Hurdle,Thurles (IRE)
rac_11477271,ThurlesRaces.ie Maiden Hurdle,Thurles (IRE)
rac_11477258,Ballagh Mares Handicap Hurdle,Thurles (IRE)
rac_11477245,www.thurlesraces.ie Maiden Hurdle,Thurles (IRE)
rac_11478038,Roganstown Hotel & Country Club 20th Anniversary Handicap Hurdle,Fairyhouse (IRE)
rac_11478025,Close Brothers Rated Novice Hurdle,Fairyhouse (IRE)
rac_11478012,WillowWarm Hurdle,Fairyhouse (IRE)
rac_11477999,Kettles Country House Hotel Supporting Fingal Ravens GFC Raceday Maiden Hurdle,Fairyhouse (IRE)
rac_11478103,Bar One Racing Royal Bond Novice Hurdle,Fairyhouse (IRE)
rac_11478077,"Bar One Racing ""Price Boosts Across All Channels"" Juvenile Hurdle",Fairyhouse (IRE)
rac_11468691,"Bar One Racing ""100% Football Acca Boost On Self Service Betting Terminals"" Handicap Hurdle ",Fairyhouse (IRE)
rac_11461463,Bar One Racing Hatton's Grace Hurdle,Fairyhouse (IRE)
rac_11480963,ClonmelRaces.ie (Q.R.) Maiden Hurdle (Div II),Clonmel (IRE)
rac_11479559,Kilsheelan Handicap Hurdle,Clonmel (IRE)
rac_11479546,ClonmelRaces.ie (Q.R.) Maiden Hurdle (Div I),Clonmel (IRE)
rac_11479533,Jim Strang & Sons Kilsheelan (Peugeot) Hurdle,Clonmel (IRE)
rac_11479520,Thanks To All For Your Support In 2024 Handicap Hurdle,Clonmel (IRE)
rac_11479507,Adare Manor Opportunity Maiden Hurdle,Clonmel (IRE)
rac_11488178,Mervyn Gray Construction Maiden Hurdle (Div II),Navan (IRE)
rac_11482289,Tote Navan Novice Hurdle,Navan (IRE)
rac_11482276,Headfort Arms Hotel Maiden Hurdle,Navan (IRE)
rac_11482263,Mervyn Gray Construction Maiden Hurdle (Div I),Navan (IRE)
rac_11477323,Bective Stud Tea Rooms & Apartments Handicap Hurdle (),Navan (IRE)
rac_11482419,Greenvalley Transport Novice Handicap Hurdle,Cork (IRE)
rac_11482406,"Bar One Racing ""100% Acca Boost On Self Service Terminals"" Handicap Hurdle",Cork (IRE)
rac_11482367,Singletons Supervalu Stayers Novice Hurdle,Cork (IRE)
rac_11482354,"Bar One Racing ""Guaranteed Multiples All Shops"" Maiden Hurdle",Cork (IRE)
rac_11482341,"Bar One Racing ""Bet 10 Euros Get 50 Euros Sign Up Offer"" 3-Y-O Maiden Hurdle",Cork (IRE)
rac_11489894,See You On New Years Eve Handicap Hurdle (Div II),Punchestown (IRE)
rac_11488386,See You On New Years Eve Handicap Hurdle (Div I),Punchestown (IRE)
rac_11488373,Members Club 2025 Hurdle,Punchestown (IRE)
rac_11488360,Irish Stallion Owners EBF Maiden Hurdle,Punchestown (IRE)
rac_11488347,Buy Your Punchestown Christmas Gift Mares Novice Hurdle (),Punchestown (IRE)
rac_11488334,Punchestown Festival 2025 Tickets On Sale Maiden Hurdle,Punchestown (IRE)
rac_11490466,Follow Us On Facebook Handicap Hurdle,Cork (IRE)
rac_11490453,Watch Every Irish Race Live Only On Racing TV Mares Maiden Hurdle,Cork (IRE)
rac_11490440,Adare Manor Opportunity Handicap Hurdle,Cork (IRE)
rac_11490427,I.N.H. Stallion Owners EBF Maiden Hurdle,Cork (IRE)
rac_11490414,Mallow Maiden Hurdle,Cork (IRE)
